<?xml version="1.0" encoding="UTF-8"?>
<beans xmlns="http://www.springframework.org/schema/beans"
	xmlns:xsi="http://www.w3.org/2001/XMLSchema-instance"
	xmlns:mybatis-spring="http://mybatis.org/schema/mybatis-spring"	
	xsi:schemaLocation="
	http://mybatis.org/schema/mybatis-spring
    http://mybatis.org/schema/mybatis-spring-1.2.xsd	
	http://www.springframework.org/schema/beans
	https://www.springframework.org/schema/beans/spring-beans.xsd">
	    
	<!-- Root Context: defines shared resources visible to all other web components -->
	<!-- DB연결 : API (Hikaricp) -->
	<!-- <bean>객체를 생성하는 태그 -->
	<bean id="hikariConfig" class="com.zaxxer.hikari.HikariConfig">
		<property name="driverClassName" value="com.mysql.jdbc.Driver"/>
		<property name="jdbcUrl" value="jdbc:mysql://localhost:3306/bigdata"/>
		<property name="username" value="root"/>
		<property name="password" value="12345"/>
	</bean>
	
	<bean id="dataSource" class="com.zaxxer.hikari.HikariDataSource" destroy-method="close">
		
		<constructor-arg ref="hikariConfig" /> <!-- 생성자 호출 -->
	</bean>
	
	<!-- BoardMapper interface의 구형 클래스를 생성(SqlSessionFactoryBean) -->
	<bean class="org.mybatis.spring.SqlSessionFactoryBean">
	    <property name="dataSource" ref="dataSource"/>
	</bean>
	
	<!-- Mapper interface들을 메모리에 올리는 방법(scan) -->
	<mybatis-spring:scan base-package="kr.smhrd.mapper"/>
	
</beans>
